,tweet_id,timestamp,text,rating_numerator,rating_denominator,name,stage,jpg_url,img_num,breed,confidence,retweet_count,favorite_count
0,890240255349198849,2017-07-26 15:59:51,This is Cassie. She is a college pup. Studying international doggo communication and stick theory. 14/10 so elegant much sophisticate https://t.co/t1bfwz5S2A,14,10,Cassie,doggo,https://pbs.twimg.com/media/DFrEyVuW0AAO3t9.jpg,1,Pembroke,0.511319,7711,32467
1,889531135344209921,2017-07-24 17:02:04,This is Stuart. He's sporting his favorite fanny pack. Secretly filled with bones only. 13/10 puppared puppo #BarkWeek https://t.co/y70o6h3isq,13,10,Stuart,puppo,https://pbs.twimg.com/media/DFg_2PVW0AEHN3p.jpg,1,golden_retriever,0.953442,2321,15359
2,886366144734445568,2017-07-15 23:25:31,This is Roscoe. Another pupper fallen victim to spontaneous tongue ejections. Get the BlepiPen immediate. 12/10 deep breaths Roscoe https://t.co/RGE08MIJox,12,10,Roscoe,pupper,https://pbs.twimg.com/media/DE0BTnQUwAApKEH.jpg,1,French_bulldog,0.999201,3316,21524
3,884162670584377345,2017-07-09 21:29:42,Meet Yogi. He doesn't have any important dog meetings today he just enjoys looking his best at all times. 12/10 for dangerously dapper doggo https://t.co/YSI00BzTBZ,12,10,Yogi,doggo,https://pbs.twimg.com/media/DEUtQbzW0AUTv_o.jpg,1,German_shepherd,0.707046,3128,20771
4,883360690899218434,2017-07-07 16:22:55,Meet Grizzwald. He may be the floofiest floofer I ever did see. Lost eyes saving a schoolbus from a volcano erpuption. 13/10 heroic as h*ck https://t.co/rf661IFEYP,13,10,Grizzwald,floofer,https://pbs.twimg.com/media/DEJT3FeXoAAtwUy.jpg,1,chow,0.987997,3825,22986
5,882762694511734784,2017-07-06 00:46:41,This is Gus. He's quite the cheeky pupper. Already perfected the disinterested wink. 12/10 would let steal my girl https://t.co/D43I96SlVu,12,10,Gus,pupper,https://pbs.twimg.com/media/DEAz_HHXsAA-p_z.jpg,1,Labrador_retriever,0.85005,5134,28903
6,881536004380872706,2017-07-02 15:32:16,"Here is a pupper approaching maximum borkdrive. Zooming at never before seen speeds. 14/10 paw-inspiring af 
(IG: puffie_the_chow) https://t.co/ghXBIIeQZF",14,10,a,pupper,https://pbs.twimg.com/ext_tw_video_thumb/881535971568889856/pu/img/9bawiZ--8FKywTkz.jpg,1,Samoyed,0.281463,16570,50199
7,878776093423087618,2017-06-25 00:45:22,This is Snoopy. He's a proud #PrideMonthPuppo. Impeccable handwriting for not having thumbs. 13/10 would love back #PrideMonth https://t.co/lNZwgNO4gS,13,10,Snoopy,puppo,https://pbs.twimg.com/media/DDIKMXzW0AEibje.jpg,2,Italian_greyhound,0.734684,4319,19763
8,876838120628539392,2017-06-19 16:24:33,This is Ginger. She's having a ruff Monday. Too many pupper things going on. H*ckin exhausting. 12/10 would snug passionately https://t.co/j211oCDRs6,12,10,Ginger,pupper,https://pbs.twimg.com/media/DCsnnZsVwAEfkyi.jpg,1,bloodhound,0.575751,3506,21125
9,874296783580663808,2017-06-12 16:06:11,This is Jed. He may be the fanciest pupper in the game right now. Knows it too. 13/10 would sign modeling contract https://t.co/0YplNnSMEm,13,10,Jed,pupper,https://pbs.twimg.com/media/DCIgSR0XgAANEOY.jpg,1,cocker_spaniel,0.437216,4308,26651
10,874012996292530176,2017-06-11 21:18:31,"This is Sebastian. He can't see all the colors of the rainbow, but he can see that this flag makes his human happy. 13/10 #PrideMonth puppo https://t.co/XBE0evJZ6V",13,10,Sebastian,puppo,https://pbs.twimg.com/media/DCEeLxjXsAAvNSM.jpg,2,Cardigan,0.806674,11007,35501
11,873213775632977920,2017-06-09 16:22:42,"This is Sierra. She's one precious pupper. Absolute 12/10. Been in and out of ICU her whole life. Help Sierra below

https://t.co/Xp01EU3qyD https://t.co/V5lkvrGLdQ",12,10,Sierra,pupper,https://pbs.twimg.com/media/DB5HTBGXUAE0TiK.jpg,1,vizsla,0.6197819999999999,1667,7467
12,871762521631449091,2017-06-05 16:15:56,This is Rover. As part of pupper protocol he had to at least attempt to eat the plant. Confirmed not tasty. Needs peanut butter. 12/10 https://t.co/AiVljI6QCg,12,10,Rover,pupper,https://pbs.twimg.com/media/DBkfY58XcAEdzZy.jpg,2,Labrador_retriever,0.921393,3678,20787
13,871515927908634625,2017-06-04 23:56:03,This is Napolean. He's a Raggedy East Nicaraguan Zoom Zoom. Runs on one leg. Built for deception. No eyes. Good with kids. 12/10 great doggo https://t.co/PR7B7w1rUw,12,10,Napolean,doggo,https://pbs.twimg.com/media/DBg_HT9WAAEeIMM.jpg,2,komondor,0.974781,3628,20730
14,869596645499047938,2017-05-30 16:49:31,This is Scout. He just graduated. Officially a doggo now. Have fun with taxes and losing sight of your ambitions. 12/10 would throw cap for https://t.co/DsA2hwXAJo,12,10,Scout,doggo,https://pbs.twimg.com/media/DBFtiYqWAAAsjj1.jpg,1,Chihuahua,0.955156,3327,16476
15,867421006826221569,2017-05-24 16:44:18,This is Shikha. She just watched you drop a skittle on the ground and still eat it. Could not be less impressed. 12/10 superior puppo https://t.co/XZlZKd73go,12,10,Shikha,puppo,https://pbs.twimg.com/media/DAmyy8FXYAIH8Ty.jpg,1,Eskimo_dog,0.6164569999999999,2697,16755
16,866450705531457537,2017-05-22 00:28:40,"This is Jamesy. He gives a kiss to every other pupper he sees on his walk. 13/10 such passion, much tender https://t.co/wk7TfysWHr",13,10,Jamesy,pupper,https://pbs.twimg.com/media/DAZAUfBXcAAG_Nn.jpg,2,French_bulldog,0.905334,32883,106827
17,851953902622658560,2017-04-12 00:23:33,RT @dog_rates: This is Astrid. She's a guide doggo in training. 13/10 would follow anywhere https://t.co/xo7FZFIAao,13,10,Astrid,doggo,https://pbs.twimg.com/media/C4KHj-nWQAA3poV.jpg,1,Staffordshire_bullterrier,0.757547,10706,0
18,850019790995546112,2017-04-06 16:18:05,Say hello to Boomer. He's a sandy pupper. Having a h*ckin blast. 12/10 would pet passionately https://t.co/ecb3LvExde,12,10,Boomer,pupper,https://pbs.twimg.com/media/C8vgfTsXgAA561h.jpg,3,Shetland_sheepdog,0.759907,5459,21944
19,846514051647705089,2017-03-28 00:07:32,This is Barney. He's an elder doggo. Hitches a ride when he gets tired. Waves goodbye before he leaves. 13/10 please come back soon https://t.co/cFAasDXauK,13,10,Barney,doggo,https://pbs.twimg.com/media/C79sB4xXwAEvwKY.jpg,2,golden_retriever,0.650003,13076,48410
20,845397057150107648,2017-03-24 22:08:59,"Say hello to Mimosa. She's an emotional support doggo who helps her owner with PTSD. 13/10, but she needs your help

https://t.co/L6mLzrd7Mx https://t.co/jMutBFdw5o",13,10,Mimosa,doggo,https://pbs.twimg.com/media/C7t0IzLWkAINoft.jpg,1,Dandie_Dinmont,0.394404,2072,8241
21,845306882940190720,2017-03-24 16:10:40,This is Pickles. She's a silly pupper. Thinks she's a dish. 12/10 would dry https://t.co/7mPCF4ZwEk,12,10,Pickles,pupper,https://pbs.twimg.com/media/C7siH5DXkAACnDT.jpg,1,Irish_water_spaniel,0.567475,6039,25225
22,837110210464448512,2017-03-02 01:20:01,This is Clark. He passed pupper training today. Round of appaws for Clark. 13/10 https://t.co/7pUjwe8X6B,13,10,Clark,pupper,https://pbs.twimg.com/media/C54DS1kXQAEU5pS.jpg,1,Siberian_husky,0.767696,2731,17480
23,836753516572119041,2017-03-01 01:42:39,This is Meera. She just heard about taxes and how much a doghouse in a nice area costs. Not pupared to be a  doggo anymore. 12/10 https://t.co/GZmNEdyoJY,12,10,Meera,doggo,https://pbs.twimg.com/media/C5y-4VwWcAIcaoj.jpg,1,schipperke,0.0115635,5237,21029
24,833124694597443584,2017-02-19 01:23:00,This is Gidget. She's a spy pupper. Stealthy as h*ck. Must've slipped pup and got caught. 12/10 would forgive then pet https://t.co/zD97KYFaFa,12,10,Gidget,pupper,https://pbs.twimg.com/media/C4_ad1IUoAEspsk.jpg,3,Cardigan,0.7105229999999999,5513,22133
25,832998151111966721,2017-02-18 17:00:10,"This is Rhino. He arrived at a shelter with an elaborate doggo manual for his new family, written by someone who will always love him. 13/10 https://t.co/QX1h0oqMz0",13,10,Rhino,doggo,https://pbs.twimg.com/media/C49nZavUYAEJjGw.jpg,1,boxer,0.539036,2522,14549
26,832273440279240704,2017-02-16 17:00:25,Say hello to Smiley. He's a blind therapy doggo having a h*ckin blast high steppin around in the snow. 14/10 would follow anywhere https://t.co/SHAb1wHjMz,14,10,Smiley,doggo,https://pbs.twimg.com/ext_tw_video_thumb/832273373149413377/pu/img/qOqxM0b48fEarmq6.jpg,1,Pembroke,0.134081,2673,12385
27,832032802820481025,2017-02-16 01:04:13,"This is Miguel. He was the only remaining doggo at the adoption center after the weekend. Let's change that. 12/10

https://t.co/P0bO8mCQwN https://t.co/SU4K34NT4M",12,10,Miguel,doggo,https://pbs.twimg.com/media/C4v5a4UWcAIRygc.jpg,1,whippet,0.601712,4746,13887
28,831939777352105988,2017-02-15 18:54:34,This is Emanuel. He's a h*ckin rare doggo. Dwells in a semi-urban environment. Round features make him extra collectible. 12/10 would so pet https://t.co/k9bzgyVdUT,12,10,Emanuel,doggo,https://pbs.twimg.com/media/C4uk0EWWQAAaZm1.jpg,1,Pomeranian,0.153862,7031,26404
29,831322785565769729,2017-02-14 02:02:51,This is Pete. He has no eyes. Needs a guide doggo. Also appears to be considerably fluffy af. 12/10 would hug softly https://t.co/Xc0gyovCtK,12,10,Pete,doggo,https://pbs.twimg.com/media/C4lzqQ4UEAApzU0.jpg,1,Old_English_sheepdog,0.999715,1744,10042
30,829878982036299777,2017-02-10 02:25:42,RT @dog_rates: This is Loki. He smiles like Elvis. Ain't nothin but a hound doggo. 12/10 https://t.co/QV5nx6otZR,12,10,Loki,doggo,https://pbs.twimg.com/media/C3nygbBWQAAjwcW.jpg,1,golden_retriever,0.6173890000000001,5757,0
31,829374341691346946,2017-02-08 17:00:26,This is Astrid. She's a guide doggo in training. 13/10 would follow anywhere https://t.co/xo7FZFIAao,13,10,Astrid,doggo,https://pbs.twimg.com/media/C4KHj-nWQAA3poV.jpg,1,Staffordshire_bullterrier,0.757547,10706,38074
32,828381636999917570,2017-02-05 23:15:47,Meet Doobert. He's a deaf doggo. Didn't stop him on the field tho. Absolute legend today. 14/10 would pat head approvingly https://t.co/iCk7zstRA9,14,10,Doobert,doggo,https://pbs.twimg.com/media/C38Asz1WEAAvzj3.jpg,1,Bedlington_terrier,0.392535,2554,13864
33,827933404142436356,2017-02-04 17:34:40,This is Kona. Yesterday she stopped by the department to see what it takes to be a police pupper. 12/10 vest was only a smidge too big https://t.co/j8D3PQJvpJ,12,10,Kona,pupper,https://pbs.twimg.com/media/C31pCN4UcAAOLNH.jpg,2,German_shepherd,0.8061149999999999,5987,22180
34,826958653328592898,2017-02-02 01:01:21,This is Loki. He smiles like Elvis. Ain't nothin but a hound doggo. 12/10 https://t.co/QV5nx6otZR,12,10,Loki,doggo,https://pbs.twimg.com/media/C3nygbBWQAAjwcW.jpg,1,golden_retriever,0.6173890000000001,5757,23767
35,826848821049180160,2017-02-01 17:44:55,This is Cupid. He was found in the trash. Now he's well on his way to prosthetic front legs and a long happy doggo life. 13/10 heroic af https://t.co/WS0Gha8vRh,13,10,Cupid,doggo,https://pbs.twimg.com/media/C3mOnZ_XUAAjr2V.jpg,4,Great_Pyrenees,0.858764,11878,40325
36,826476773533745153,2017-01-31 17:06:32,This is Pilot. He has mastered the synchronized head tilt and sneaky tongue slip. Usually not unlocked until later doggo days. 12/10 https://t.co/YIV8sw8xkh,12,10,Pilot,doggo,https://pbs.twimg.com/media/C3g8M0lWIAEcFgn.jpg,1,German_shepherd,0.7418600000000001,4821,20275
37,825026590719483904,2017-01-27 17:04:02,"Say hello to Pablo. He's one gorgeous puppo. A true 12/10. Click the link to see why Pablo requests your assistance

https://t.co/koHvVQp9bL https://t.co/IhW0JKf7kc",12,10,Pablo,puppo,https://pbs.twimg.com/media/C3MVTeHWcAAGNfx.jpg,2,Eskimo_dog,0.524454,1483,7020
38,822462944365645825,2017-01-20 15:17:01,"This is Gabe. He was the unequivocal embodiment of a dream meme, but also one h*ck of a pupper. You will be missed by so many. 14/10 RIP https://t.co/M3hZGadUuO",14,10,Gabe,pupper,https://pbs.twimg.com/media/C2n5rUUXEAIXAtv.jpg,3,Pomeranian,0.960199,17209,31800
39,821765923262631936,2017-01-18 17:07:18,This is Duchess. She uses dark doggo forces to levitate her toys. 13/10 magical af https://t.co/maDNMETA52,13,10,Duchess,doggo,https://pbs.twimg.com/media/C2d_vnHWEAE9phX.jpg,1,golden_retriever,0.980071,1899,9317
40,821407182352777218,2017-01-17 17:21:47,This is Sundance. He's a doggo drummer. Even sings a bit on the side. 14/10 entertained af (vid by @sweetsundance) https://t.co/Xn5AQtiqzG,14,10,Sundance,doggo,https://pbs.twimg.com/ext_tw_video_thumb/821407155391725568/pu/img/AJC07gFJDDBuwNTD.jpg,1,Irish_setter,0.5054960000000001,5053,13075
41,819952236453363712,2017-01-13 17:00:21,"This is Oliver. He has dreams of being a service puppo so he can help his owner. 13/10 selfless af

make it happen:
https://t.co/f5WMsx0a9K https://t.co/6lJz0DKZIb",13,10,Oliver,puppo,https://pbs.twimg.com/media/C2EONHNWQAUWxkP.jpg,1,American_Staffordshire_terrier,0.925505,1369,5927
42,819015337530290176,2017-01-11 02:57:27,RT @dog_rates: This is Bo. He was a very good First Doggo. 14/10 would be an absolute honor to pet https://t.co/AdPKrI8BZ1,14,10,Bo,doggo,https://pbs.twimg.com/media/C12whDoVEAALRxa.jpg,1,standard_poodle,0.351308,42228,0
43,819004803107983360,2017-01-11 02:15:36,This is Bo. He was a very good First Doggo. 14/10 would be an absolute honor to pet https://t.co/AdPKrI8BZ1,14,10,Bo,doggo,https://pbs.twimg.com/media/C12whDoVEAALRxa.jpg,1,standard_poodle,0.351308,42228,95450
44,818588835076603904,2017-01-09 22:42:41,RT @dog_rates: This is Chelsea. She forgot how to dog. 11/10 get it together pupper https://t.co/nBJ5RE4yHb,11,10,Chelsea,pupper,https://pbs.twimg.com/media/Crwxb5yWgAAX5P_.jpg,1,Norwegian_elkhound,0.372202,7126,0
45,817777686764523521,2017-01-07 16:59:28,"This is Dido. She's playing the lead role in ""Pupper Stops to Catch Snow Before Resuming Shadow Box with Dried Apple."" 13/10 (IG: didodoggo) https://t.co/m7isZrOBX7",13,10,Dido,doggo,https://pbs.twimg.com/ext_tw_video_thumb/817777588030476288/pu/img/KbuLpE4krHF4VdPf.jpg,1,curly-coated_retriever,0.733256,3084,11901
46,816829038950027264,2017-01-05 02:09:53,RT @dog_rates: This is Betty. She's assisting with the dishes. Such a good puppo. 12/10 h*ckin helpful af https://t.co/dgvTPZ9tgI,12,10,Betty,puppo,https://pbs.twimg.com/media/CvoBPWRWgAA4het.jpg,1,golden_retriever,0.245773,5496,0
47,814986499976527872,2016-12-31 00:08:17,This is Cooper. Someone attacked him with a sharpie. Poor pupper. 11/10 nifty tongue slip tho https://t.co/01vpuRDXQ8,11,10,Cooper,pupper,https://pbs.twimg.com/media/C09p5dJWIAE5qKL.jpg,1,dalmatian,0.999828,1505,8485
48,813910438903693312,2016-12-28 00:52:25,This is Chubbs. He dug a hole and now he's stuck in it. Dang h*ckin doggo. 11/10 would assist https://t.co/z1VRj1cYZf,11,10,Chubbs,doggo,https://pbs.twimg.com/media/C0uXObSXUAAIzmV.jpg,1,Siberian_husky,0.6993550000000001,2194,10342
49,813096984823349248,2016-12-25 19:00:02,This is Rocky. He got triple-doggo-dared. Stuck af. 11/10 someone help him https://t.co/soNL00XWVu,11,10,Rocky,doggo,https://pbs.twimg.com/media/C0izZULWgAAKD-F.jpg,1,Great_Dane,0.128056,4207,11694
50,811386762094317568,2016-12-21 01:44:13,This is Craig. That's actually a normal sized fence he's stuck on. H*ckin massive pupper. 11/10 someone help him https://t.co/aAUXzoxaBy,11,10,Craig,pupper,https://pbs.twimg.com/media/C0Kf9PtWQAEW4sE.jpg,1,Pembroke,0.804177,7444,23302
51,807621403335917568,2016-12-10 16:22:02,This is Ollie Vue. He was a 3 legged pupper on a mission to overcome everything. This is very hard to write. 14/10 we will miss you Ollie https://t.co/qTRY2qX9y4,14,10,Ollie,pupper,https://pbs.twimg.com/media/CzU_YVGUUAA3Xsd.jpg,3,golden_retriever,0.873233,4288,16236
52,803773340896923648,2016-11-30 01:31:12,This is Diogi. He fell in the pool as soon as he was brought home. Clumsy puppo. 12/10 would pet until dry https://t.co/ZxeRjMKaWt,12,10,Diogi,puppo,https://pbs.twimg.com/media/CyeTku-XcAALkBd.jpg,2,miniature_pinscher,0.817066,3220,11203
53,802239329049477120,2016-11-25 19:55:35,This is Loki. He'll do your taxes for you. Can also make room in your budget for all the things you bought today. 12/10 what a puppo https://t.co/5oWrHCWg87,12,10,Loki,puppo,https://pbs.twimg.com/media/CyIgaTEVEAA-9zS.jpg,2,Eskimo_dog,0.482498,3040,10132
54,801115127852503040,2016-11-22 17:28:25,This is Bones. He's being haunted by another doggo of roughly the same size. 12/10 deep breaths pupper everything's fine https://t.co/55Dqe0SJNj,12,10,Bones,doggo,https://pbs.twimg.com/media/Cx4h7zHUsAAqaJd.jpg,1,dalmatian,0.823356,2429,8992
55,800388270626521089,2016-11-20 17:20:08,This is Doc. He takes time out of every day to worship our plant overlords. 12/10 quite the floofer https://t.co/azMneS6Ly5,12,10,Doc,floofer,https://pbs.twimg.com/media/CxuM3oZW8AEhO5z.jpg,2,golden_retriever,0.35986,3265,12456
56,799757965289017345,2016-11-18 23:35:32,This is Sobe. She's a h*ckin happy doggo. Only one leg tho. Must have good balance. 13/10 would smile back https://t.co/OiH8PaOxB1,13,10,Sobe,doggo,https://pbs.twimg.com/media/CxlPnoSUcAEXf1i.jpg,1,Border_collie,0.442534,2506,9390
57,793195938047070209,2016-10-31 21:00:23,Say hello to Lily. She's pupset that her costume doesn't fit as well as last year. 12/10 poor puppo https://t.co/YSi6K1firY,12,10,Lily,puppo,https://pbs.twimg.com/media/CwH_foYWgAEvTyI.jpg,2,Labrador_retriever,0.654762,6547,17063
58,790946055508652032,2016-10-25 16:00:09,This is Betty. She's assisting with the dishes. Such a good puppo. 12/10 h*ckin helpful af https://t.co/dgvTPZ9tgI,12,10,Betty,puppo,https://pbs.twimg.com/media/CvoBPWRWgAA4het.jpg,1,golden_retriever,0.245773,5496,18601
59,787717603741622272,2016-10-16 18:11:26,This is Tonks. She is a service puppo. Can hear a caterpillar hiccup from 7 miles away. 13/10 would follow anywhere https://t.co/i622ZbWkUp,13,10,Tonks,puppo,https://pbs.twimg.com/media/Cu6I9vvWIAAZG0a.jpg,3,German_shepherd,0.992339,3240,11416
60,786363235746385920,2016-10-13 00:29:39,This is Rizzo. He has many talents. A true renaissance doggo. 13/10 entertaining af https://t.co/TVXpEJB7Wn,13,10,Rizzo,doggo,https://pbs.twimg.com/media/Cum5LlfWAAAyPcS.jpg,1,golden_retriever,0.929266,4072,12189
61,782747134529531904,2016-10-03 01:00:34,This is Deacon. He's the happiest almost dry doggo I've ever seen. 11/10 would smile back https://t.co/C6fUMnHt1H,11,10,Deacon,doggo,https://pbs.twimg.com/media/CtzgXgeXYAA1Gxw.jpg,1,golden_retriever,0.560699,1604,8310
62,782305867769217024,2016-10-01 19:47:08,This is Sampson. He just graduated. Ready to be a doggo now. Time for the real world. 12/10 have fun with taxes https://t.co/pgVKxRw0s1,12,10,Sampson,doggo,https://pbs.twimg.com/media/CttPBt0WIAAcsDE.jpg,1,briard,0.5044270000000001,6470,18630
63,778027034220126208,2016-09-20 00:24:34,This is Sophie. She's a Jubilant Bush Pupper. Super h*ckin rare. Appears at random just to smile at the locals. 11.27/10 would smile back https://t.co/QFaUiIHxHq,27,10,Sophie,pupper,https://pbs.twimg.com/media/Cswbc2yWcAAVsCJ.jpg,1,clumber,0.946718,1885,7320
64,776477788987613185,2016-09-15 17:48:25,This is Huck. He's addicted to caffeine. Hope it's not too latte to seek help. 11/10 stay strong pupper https://t.co/iJE3F0VozW,11,10,Huck,pupper,https://pbs.twimg.com/media/CsaaaaxWgAEfzM7.jpg,1,Labrador_retriever,0.8848389999999999,3249,9858
65,775364825476165632,2016-09-12 16:05:54,This is Finley. He's an independent doggo still adjusting to life on his own. 11/10 https://t.co/7FNcBaKbci,11,10,Finley,doggo,https://pbs.twimg.com/media/CsKmMB2WAAAXcAy.jpg,3,beagle,0.571229,3472,8295
66,773985732834758656,2016-09-08 20:45:53,Meet Winnie. She just made awkward eye contact with the driver beside her. Poor pupper panicked. 11/10 would comfort https://t.co/RFWtDqTnAz,11,10,Winnie,pupper,https://pbs.twimg.com/media/Cr2_6R8WAAAUMtc.jpg,4,pug,0.10957,4492,11925
67,773547596996571136,2016-09-07 15:44:53,This is Chelsea. She forgot how to dog. 11/10 get it together pupper https://t.co/nBJ5RE4yHb,11,10,Chelsea,pupper,https://pbs.twimg.com/media/Crwxb5yWgAAX5P_.jpg,1,Norwegian_elkhound,0.372202,7126,24553
68,772193107915964416,2016-09-03 22:02:38,This is Willem. He's a Penn State pupper. Thinks the hood makes him more intimidating. It doesn't. 12/10 https://t.co/Dp0s7MRIHK,12,10,Willem,pupper,https://pbs.twimg.com/media/Crdhh_1XEAAHKHi.jpg,1,Pembroke,0.367945,1612,6665
69,770093767776997377,2016-08-29 03:00:36,RT @dog_rates: This is just downright precious af. 12/10 for both pupper and doggo https://t.co/o5J479bZUC,12,10,just,doggo,https://pbs.twimg.com/media/CkjMx99UoAM2B1a.jpg,1,golden_retriever,0.843799,3520,0
70,765371061932261376,2016-08-16 02:14:15,This is Louie. He's had a long day. Did a lot of pupper things. Also appears to be rather heckin pettable. 11/10 https://t.co/w2qDmoTIZ5,11,10,Louie,pupper,https://pbs.twimg.com/media/Cp8k6oRWcAUL78U.jpg,2,golden_retriever,0.829456,2475,7842
71,760893934457552897,2016-08-03 17:43:45,This is Wishes. He has the day off. Daily struggles of being a doggo have finally caught up with him. 11/10 https://t.co/H9YgrUkYwa,11,10,Wishes,doggo,https://pbs.twimg.com/media/Co88_ujWEAErCg7.jpg,1,Blenheim_spaniel,0.113992,1104,4228
72,759793422261743616,2016-07-31 16:50:42,"Meet Maggie &amp; Lila. Maggie is the doggo, Lila is the pupper. They are sisters. Both 12/10 would pet at the same time https://t.co/MYwR4DQKll",12,10,Maggie,doggo,https://pbs.twimg.com/media/CotUFZEWcAA2Pku.jpg,2,golden_retriever,0.985876,2173,6620
73,756939218950160384,2016-07-23 19:49:07,This is Jax. He is a majestic mountain pupper. Thinks flat ground is for the weak. 12/10 would totally hike with https://t.co/KGdeHuFJnH,12,10,Jax,pupper,https://pbs.twimg.com/media/CoEwMXeWEAAaIz5.jpg,1,golden_retriever,0.790371,2295,7342
74,751132876104687617,2016-07-07 19:16:47,This is Cooper. He's just so damn happy. 10/10 what's your secret puppo? https://t.co/yToDwVXEpA,10,10,Cooper,puppo,https://pbs.twimg.com/media/CmyPXNOW8AEtaJ-.jpg,1,Labrador_retriever,0.92939,1480,5610
75,750868782890057730,2016-07-07 01:47:22,Meet Milo. He hauled ass until he ran out of treadmill and then passed out from exhaustion. 11/10 sleep tight pupper https://t.co/xe1aGZNkcC,11,10,Milo,pupper,https://pbs.twimg.com/media/CmufLLsXYAAsU0r.jpg,4,toy_poodle,0.912648,1595,5306
76,750011400160841729,2016-07-04 17:00:26,Meet Piper. She's an airport doggo. Please return your tray table to its full pupright and locked position. 11/10 https://t.co/D17IAcetmM,11,10,Piper,doggo,https://pbs.twimg.com/media/CmfmvGUWgAAuVKD.jpg,1,Boston_bull,0.0871498,1035,3568
77,749417653287129088,2016-07-03 01:41:06,This is Finn. He's the most unphotogenic pupper of all time. 11/10 https://t.co/qvA2rCUl6v,11,10,Finn,pupper,https://pbs.twimg.com/media/CmZ3YH9WEAAowi3.jpg,2,papillon,0.772894,1904,6721
78,749317047558017024,2016-07-02 19:01:20,This is Blu. He's a wild bush Floofer. I wish anything made me as happy as bushes make Blu. 12/10 would frolic with https://t.co/HHUAnBb6QB,12,10,Blu,floofer,https://pbs.twimg.com/ext_tw_video_thumb/749316899712950272/pu/img/nvZI9mkoAxt89sul.jpg,1,wire-haired_fox_terrier,0.155144,2509,6076
79,748932637671223296,2016-07-01 17:33:49,Say hello to Divine Doggo. Must be magical af. 13/10 would be an honor to pet https://t.co/BbcABzohKb,13,10,Divine,doggo,https://pbs.twimg.com/media/CmS-QkQWAAAkUa-.jpg,1,borzoi,0.742912,2564,6461
80,745433870967832576,2016-06-22 01:50:58,This is Lenox. She's in a wheelbarrow. Silly doggo. You don't belong there. 10/10 would push around https://t.co/oYbVR4nBsR,10,10,Lenox,doggo,https://pbs.twimg.com/media/ClhQJUUWAAEVpBX.jpg,1,basset,1.44895e-05,2894,7824
81,743253157753532416,2016-06-16 01:25:36,"This is Kilo. He cannot reach the snackum. Nifty tongue, but not nifty enough. 10/10 maybe one day puppo https://t.co/gSmp31Zrsx",10,10,Kilo,puppo,https://pbs.twimg.com/media/ClCQzFUUYAA5vAu.jpg,1,malamute,0.442612,1366,4624
82,743222593470234624,2016-06-15 23:24:09,This is a very rare Great Alaskan Bush Pupper. Hard to stumble upon without spooking. 12/10 would pet passionately https://t.co/xOBKCdpzaa,12,10,a,pupper,https://pbs.twimg.com/media/ClB09z0WYAAA1jz.jpg,1,kuvasz,0.350629,2164,6792
83,741743634094141440,2016-06-11 21:27:17,Meet Aqua. She's a sandy pupper. Not sure how she feels about being so sandy. Radical tongue slip. 11/10 petable af https://t.co/rYxJ0UQtbE,11,10,Aqua,pupper,https://pbs.twimg.com/media/Cksz42EW0AAh2NF.jpg,1,Labrador_retriever,0.786089,3144,8945
84,741067306818797568,2016-06-10 00:39:48,This is just downright precious af. 12/10 for both pupper and doggo https://t.co/o5J479bZUC,12,10,just,doggo,https://pbs.twimg.com/media/CkjMx99UoAM2B1a.jpg,1,golden_retriever,0.843799,3520,10342
85,740676976021798912,2016-06-08 22:48:46,"Meet Baloo. He's expecting a fast ground ball, hence the wide stance. Prepared af. 11/10 nothing runs like a pupper https://t.co/sMbMw5Z2XC",11,10,Baloo,pupper,https://pbs.twimg.com/media/Ckdpx5KWsAANF6b.jpg,1,Norwegian_elkhound,0.275225,7724,19881
86,738537504001953792,2016-06-03 01:07:16,This is Bayley. She fell asleep trying to escape her evil fence enclosure. 11/10 night night puppo https://t.co/AxSiqAKEKu,11,10,Bayley,puppo,https://pbs.twimg.com/media/Cj_P7rSUgAAYQbz.jpg,1,chow,0.808737,1759,5575
87,736365877722001409,2016-05-28 01:18:00,This is Rory. He's extremely impatient. 11/10 settle down pupper https://t.co/e3tfXJLi40,11,10,Rory,pupper,https://pbs.twimg.com/media/CjgYyuvWkAAHU8g.jpg,3,toy_poodle,0.082606,1408,4367
88,733822306246479872,2016-05-21 00:50:46,This is Moose. He's a Polynesian Floofer. Dapper af. 10/10 would pet diligently https://t.co/mVfqRdppTL,10,10,Moose,floofer,https://pbs.twimg.com/media/Ci8Pfg_UUAA2m9i.jpg,1,Lhasa,0.457356,1141,4015
89,732375214819057664,2016-05-17 01:00:32,This is Kyle (pronounced 'Mitch'). He strives to be the best doggo he can be. 11/10 would pat on head approvingly https://t.co/aA2GiTGvlE,11,10,Kyle,doggo,https://pbs.twimg.com/media/CinrX2EWkAABDYt.jpg,1,basset,0.000547053,2838,8832
90,730573383004487680,2016-05-12 01:40:42,This is Rooney. He can't comprehend glass. 10/10 it'll be ok pupper https://t.co/CnUl2uDBBV,10,10,Rooney,pupper,https://pbs.twimg.com/media/CiOEnI6WgAAmq4E.jpg,2,American_Staffordshire_terrier,0.810158,2435,5407
91,728035342121635841,2016-05-05 01:35:26,This is all I want in my life. 12/10 for super sleepy pupper https://t.co/4RlLA5ObMh,12,10,all,pupper,https://pbs.twimg.com/media/ChqARqmWsAEI6fB.jpg,1,Pomeranian,0.248664,1872,4953
92,728015554473250816,2016-05-05 00:16:48,This is Rueben. He has reached ultimate pupper zen state. 11/10 tranquil af https://t.co/Z167HgtnBi,11,10,Rueben,pupper,https://pbs.twimg.com/media/ChpuRyvVAAARMoq.jpg,1,cocker_spaniel,0.384559,1219,4479
93,725786712245440512,2016-04-28 20:40:11,Say hello to Lillie. She's a Rutabagan Floofem. Poor pupper ate and then passed out. 11/10 relatable af https://t.co/uIdGqug9rw,11,10,Lillie,pupper,https://pbs.twimg.com/media/ChKDKmIWIAIJP_e.jpg,1,chow,0.33576100000000003,1527,4537
94,724405726123311104,2016-04-25 01:12:38,This is Ashleigh. She's having Coachella withdrawals. Didn't even go tho. 10/10 stay strong pupper https://t.co/nRUaKWnJfH,10,10,Ashleigh,pupper,https://pbs.twimg.com/media/Cg2bKLAWwAA0WEm.jpg,1,golden_retriever,0.240695,1847,5800
95,724004602748780546,2016-04-23 22:38:43,This is Luther. He saw a ghost. Spooked af. 11/10 hang in there pupper https://t.co/EdKG43VvEl,11,10,Luther,pupper,https://pbs.twimg.com/media/CgwuWCeW4AAsgbD.jpg,3,pug,0.0188769,1790,4561
96,721001180231503872,2016-04-15 15:44:11,This is Oliver. Bath time is upon him. His fear of the wetness postpones his ultimate pupper destiny. 11/10 https://t.co/AFzzKqR4tT,11,10,Oliver,pupper,https://pbs.twimg.com/media/CgGCvxAUkAAx55r.jpg,1,Samoyed,0.950053,686,2748
97,717009362452090881,2016-04-04 15:22:08,This is Smokey. He's having some sort of existential crisis. 10/10 hang in there pupper https://t.co/JmgF4dMpw0,10,10,Smokey,pupper,https://pbs.twimg.com/media/CfNUNetW8AAekHx.jpg,1,Siberian_husky,0.506154,1102,3583
98,711008018775851008,2016-03-19 01:54:56,This is Chuckles. He had a balloon but he accidentally let go of it and it floated away. 11/10 hang in there pupper https://t.co/68iNM7B5gW,11,10,Chuckles,pupper,https://pbs.twimg.com/media/Cd4CBQFW8AAY3ND.jpg,1,French_bulldog,0.731405,710,3275
99,707315916783140866,2016-03-08 21:23:50,This is Finnegus. He's trapped in a snow globe. Poor pupper. 10/10 would make sure no one shook it https://t.co/BjpOa52jQ4,10,10,Finnegus,pupper,https://pbs.twimg.com/media/CdDkEkHWwAAAeUJ.jpg,2,Bernese_mountain_dog,0.979235,727,2698
100,705975130514706432,2016-03-05 04:36:02,This is Adele. Her tongue flies out of her mouth at random. It's a debilitating illness. 10/10 stay strong pupper https://t.co/cfn81n3FLO,10,10,Adele,pupper,https://pbs.twimg.com/media/CcwgjmuXIAEQoSd.jpg,1,Staffordshire_bullterrier,0.5877640000000001,842,3397
101,705428427625635840,2016-03-03 16:23:38,This is Ambrose. He's an Alfalfa Ballyhoo. Draws pistol fast af. Pretty much runs the frontier. 11/10 lethal pupper https://t.co/ih6epBOxIA,11,10,Ambrose,pupper,https://pbs.twimg.com/media/CcovaMUXIAApFDl.jpg,1,Chihuahua,0.774792,1931,4188
102,704859558691414016,2016-03-02 02:43:09,Here is a heartbreaking scene of an incredible pupper being laid to rest. 10/10 RIP pupper https://t.co/81mvJ0rGRu,10,10,a,pupper,https://pbs.twimg.com/media/CcgqBNVW8AE76lv.jpg,1,pug,0.284428,612,2462
103,704347321748819968,2016-02-29 16:47:42,This is Ralphson. He's very confused. Wondering why he's sitting on Santa's lap in February. 10/10 stay woke pupper https://t.co/INphk4ltkZ,10,10,Ralphson,pupper,https://pbs.twimg.com/media/CcZYJniXEAAEJRF.jpg,1,Brittany_spaniel,0.0829173,393,1729
104,703611486317502464,2016-02-27 16:03:45,Meet Scooter. He's experiencing the pupper equivalent of dropping ur phone in a toilet 10/10 put it in some rice pup https://t.co/JSmX1FIEaW,10,10,Scooter,pupper,https://pbs.twimg.com/media/CcO66OjXEAASXmH.jpg,1,Pembroke,0.756441,1709,4229
105,702598099714314240,2016-02-24 20:56:55,"This is Sansa. She's gotten too big for her chair. Not so smol anymore. 11/10 once a pupper, always a pupper https://t.co/IpAoztle2s",11,10,Sansa,pupper,https://pbs.twimg.com/media/CcAhPevW8AAoknv.jpg,1,kelpie,0.219179,3712,11332
106,701545186879471618,2016-02-21 23:13:01,Meet Millie. She's practicing her dive form for Rio. It's nearly perfect. Dedicated af. 10/10 go for gold pupper https://t.co/SDVkc4m96M,10,10,Millie,pupper,https://pbs.twimg.com/media/CbxjnyOWAAAWLUH.jpg,1,Border_collie,0.280893,680,2902
107,700864154249383937,2016-02-20 02:06:50,"""Pupper is a present to world. Here is a bow for pupper."" 12/10 precious as hell https://t.co/ItSsE92gCW",12,10,a,pupper,https://pbs.twimg.com/media/Cbn4OqKWwAADGWt.jpg,1,kuvasz,0.8058569999999999,685,2828
108,699801817392291840,2016-02-17 03:45:29,This is Cooper. He began to tear up when his bone was taken from him. 11/10 stay strong pupper https://t.co/qI8yvqKG02,11,10,Cooper,pupper,https://pbs.twimg.com/media/CbYyCMcWIAAHHjF.jpg,2,golden_retriever,0.808978,1088,3345
109,695095422348574720,2016-02-04 04:03:57,This is just a beautiful pupper good shit evolution. 12/10 https://t.co/2L8pI0Z2Ib,12,10,just,pupper,https://pbs.twimg.com/media/CaV5mRDXEAAR8iG.jpg,1,papillon,0.227784,684,2888
110,695074328191332352,2016-02-04 02:40:08,This is Lorenzo. He's educated af. Just graduated college. 11/10 poor pupper can't even comprehend his debt https://t.co/dH3GzcjCtQ,11,10,Lorenzo,pupper,https://pbs.twimg.com/media/CaVmajOWYAA1uNG.jpg,1,Shih-Tzu,0.5101060000000001,1239,3116
111,693095443459342336,2016-01-29 15:36:45,This is Milo. He doesn't understand your fancy human gestures. Will lick instead. 10/10 can't faze this pupper https://t.co/OhodPIDOpW,10,10,Milo,pupper,https://pbs.twimg.com/media/CZ5entwWYAAocEg.jpg,1,Yorkshire_terrier,0.033487800000000005,523,2056
112,692905862751522816,2016-01-29 03:03:25,This is Wally. He's being abducted by aliens. 10/10 poor pupper https://t.co/EiF659Bgjn,10,10,Wally,pupper,https://pbs.twimg.com/media/CZ2yNKhWEAA_7cb.jpg,1,Mexican_hairless,0.162638,998,2683
113,689905486972461056,2016-01-20 20:21:00,"Say hello to Gizmo. He's quite the pupper. Confused by bed, but agile af. Can barely catch on camera. 11/10 so quick https://t.co/IE4ZblyZRY",11,10,Gizmo,pupper,https://pbs.twimg.com/media/CZMJYCRVAAE35Wk.jpg,4,Pomeranian,0.943331,787,2651
114,689623661272240129,2016-01-20 01:41:08,This is Lucy. She's terrified of the stuffed billed dog. 10/10 stay strong pupper https://t.co/QnvSjjyh7n,10,10,Lucy,pupper,https://pbs.twimg.com/media/CZIJD2SWIAMJgNI.jpg,1,toy_poodle,0.279604,748,2467
115,689143371370250240,2016-01-18 17:52:38,Meet Trip. He likes wearing costumes that aren't consistent with the season to screw with people 10/10 tricky pupper https://t.co/40w7TI5Axv,10,10,Trip,pupper,https://pbs.twimg.com/media/CZBUO2UWsAAKehS.jpg,1,English_springer,0.303781,579,2232
116,686683045143953408,2016-01-11 22:56:10,This is Mona. She's a Yarborough Splishnsplash. Lost body during Nam. 11/10 revolutionary pupper https://t.co/pgD6h0yhgz,11,10,Mona,pupper,https://pbs.twimg.com/media/CYeWlh0WAAADhsj.jpg,1,Norwich_terrier,0.100499,912,3072
117,686618349602762752,2016-01-11 18:39:05,This is Olivia. She just saw an adult wearing crocs. 11/10 poor pupper. No one should witness such a thing https://t.co/yJVTi1DjJc,11,10,Olivia,pupper,https://pbs.twimg.com/media/CYdbvwjWcAEtjYu.jpg,1,Rottweiler,0.441331,1544,4042
118,686377065986265092,2016-01-11 02:40:19,Meet Birf. He thinks he's gone blind. 10/10 very frightened pupper https://t.co/oDkspjNWYX,10,10,Birf,pupper,https://pbs.twimg.com/media/CYaAS2kUoAINkye.jpg,1,German_shepherd,0.830816,637,2433
119,685307451701334016,2016-01-08 03:50:03,Say hello to Petrick. He's an Altostratus Floofer. Just had a run in with a trash bag. Groovy checkered floor. 11/10 https://t.co/rwW7z1JAOF,11,10,Petrick,floofer,https://pbs.twimg.com/media/CYKzfTTWMAEeTN7.jpg,1,Pomeranian,0.963176,496,2262
120,685268753634967552,2016-01-08 01:16:17,This is Hubertson. He's a Carmel Haberdashery. Enjoys long summer days on his boat. Very peaceful pupper. 10/10 https://t.co/vzCl35fKlZ,10,10,Hubertson,pupper,https://pbs.twimg.com/media/CYKQS0xUQAEOptC.jpg,1,pug,0.999044,1371,3419
121,685169283572338688,2016-01-07 18:41:01,Meet Gerbald. He just found out he's adopted. Poor pupper. Snazzy tongue tho. 11/10 would hold close in time of need https://t.co/UfGkB9Wrud,11,10,Gerbald,pupper,https://pbs.twimg.com/media/CYI10WhWsAAjzii.jpg,1,Bernese_mountain_dog,0.975096,1620,4489
122,683481228088049664,2016-01-03 02:53:17,Meet Banjo. He's a Peppercorn Shoop Da Whoop. Nails look lethal. Skeptical of luminescent orb 11/10 stay woke pupper https://t.co/H7NZFumpKq,11,10,Banjo,pupper,https://pbs.twimg.com/media/CXw2jSpWMAAad6V.jpg,1,keeshond,0.508951,1118,2878
123,683111407806746624,2016-01-02 02:23:45,This is Larry. He thought the New Year's parties were tonight. 10/10 poor pupper. Maybe next year https://t.co/h3X0jK8MVM,10,10,Larry,pupper,https://pbs.twimg.com/media/CXrmMSpUwAAdeRj.jpg,1,cocker_spaniel,0.901392,1034,3736
124,681891461017812993,2015-12-29 17:36:07,Say hello to Charlie. He's scholarly af. Quite intimidating with all his pupper knowledge 10/10 even built that fire https://t.co/9KThv6z8u5,10,10,Charlie,pupper,https://pbs.twimg.com/media/CXaQqGbWMAAKEgN.jpg,1,Chihuahua,0.20357,951,2706
125,681694085539872773,2015-12-29 04:31:49,This is Bo. He's a Benedoop Cumbersnatch. Seems frustrated with own feet. Portable as hell. 11/10 very solid pupper https://t.co/TONMhRoQh7,11,10,Bo,pupper,https://pbs.twimg.com/media/CXXdJ7CVAAALu23.jpg,1,toy_poodle,0.920992,4581,14010
126,681654059175129088,2015-12-29 01:52:46,This is Toffee. He's a happy pupper. Appears dangerously fluffy. Extraordinarily spherical. 12/10 would pet firmly https://t.co/oEXEKt3MHu,12,10,Toffee,pupper,https://pbs.twimg.com/media/CXW4wGHWsAE_eBD.jpg,1,Pomeranian,0.800538,1045,2903
127,680836378243002368,2015-12-26 19:43:36,This is Ellie. She's secretly ferocious. 12/10 very deadly pupper https://t.co/BF4BW8LUgb,12,10,Ellie,pupper,https://pbs.twimg.com/media/CXLREjOW8AElfk6.jpg,3,Pembroke,0.427781,1513,3766
128,680473011644985345,2015-12-25 19:39:43,"This is Hector. He thinks he's a hammer. Silly Hector. You're a pupper, not a hammer. 10/10 https://t.co/OdUFuZIXiI",10,10,Hector,pupper,https://pbs.twimg.com/media/CXGGlzvWYAArPfk.jpg,1,Lakeland_terrier,0.796694,844,2778
129,680145970311643136,2015-12-24 22:00:10,Say hello to Kawhi. He was doing fine until his hat fell off. He got it back though. 10/10 deep breaths pupper https://t.co/N5pM6WBx7e,10,10,Kawhi,pupper,https://pbs.twimg.com/media/CXBdJxLUsAAWql2.jpg,1,miniature_poodle,0.457117,1972,3955
130,679777920601223168,2015-12-23 21:37:40,This is Rinna. She's melting. 10/10 get inside pupper https://t.co/PA0czwucsb,10,10,Rinna,pupper,https://pbs.twimg.com/media/CW8OYajUMAAPRoF.jpg,1,bloodhound,0.5288189999999999,1281,3390
131,678389028614488064,2015-12-20 01:38:42,"This is Bella. She just learned that her final grade in chem was a 92.49 
poor pupper 11/10 https://t.co/auOoKuoveM",11,10,Bella,pupper,https://pbs.twimg.com/media/CWofOHUWUAACGVa.jpg,1,miniature_pinscher,0.516284,473,2044
132,677269281705472000,2015-12-16 23:29:14,This is the happiest pupper I've ever seen. 10/10 would trade lives with https://t.co/ep8ATEJwRb,10,10,the,pupper,https://pbs.twimg.com/media/CWYk0WxWoAAEwRt.jpg,1,Shetland_sheepdog,0.656616,790,2164
133,675845657354215424,2015-12-13 01:12:15,"This is Pepper. She's not fully comfortable riding her imaginary bike yet. 10/10 don't worry pupper, it gets easier https://t.co/40dj4eTsXG",10,10,Pepper,pupper,https://pbs.twimg.com/media/CWEWClfW4AAnqhG.jpg,1,pug,0.8839520000000001,1000,2477
134,675006312288268288,2015-12-10 17:37:00,Say hello to Mollie. This pic was taken after she bet all her toys on Ronda Rousey. 10/10 hang in there pupper https://t.co/QMmAqA9VqO,10,10,Mollie,pupper,https://pbs.twimg.com/media/CV4aqCwWsAIi3OP.jpg,1,boxer,0.654697,252,1057
135,674774481756377088,2015-12-10 02:15:47,This is Superpup. His head isn't proportional to his body. Has yet to serve any justice. 11/10 maybe one day pupper https://t.co/gxIFgg8ktm,11,10,Superpup,pupper,https://pbs.twimg.com/media/CV1HztsWoAAuZwo.jpg,1,Chihuahua,0.407016,532,1213
136,674737130913071104,2015-12-09 23:47:22,Meet Rufio. He is unaware of the pink legless pupper wrapped around him. Might want to get that checked 10/10 &amp; 4/10 https://t.co/KNfLnYPmYh,10,10,Rufio,pupper,https://pbs.twimg.com/media/CV0l10AU8AAfg-a.jpg,1,Pomeranian,0.948537,103,693
137,674038233588723717,2015-12-08 01:30:12,This is Kaiya. She's an aspiring shoe model. 12/10 follow your dreams pupper https://t.co/nX8FiGRHvk,12,10,Kaiya,pupper,https://pbs.twimg.com/media/CVqqMtiVEAEye_L.jpg,1,Eskimo_dog,0.358459,456,1176
138,673956914389192708,2015-12-07 20:07:04,This is one esteemed pupper. Just graduated college. 10/10 what a champ https://t.co/nyReCVRiyd,10,10,one,pupper,https://pbs.twimg.com/media/CVpgPGwWoAEV7gG.jpg,1,pug,0.5861609999999999,1069,2091
139,673919437611909120,2015-12-07 17:38:09,This is Obie. He is on guard watching for evildoers from the comfort of his pumpkin. Very brave pupper. 11/10 https://t.co/cdwPTsGEAb,11,10,Obie,pupper,https://pbs.twimg.com/media/CVo-JuMWwAAet6F.jpg,1,schipperke,0.115984,401,1251
140,673707060090052608,2015-12-07 03:34:14,This is Raymond. He's absolutely terrified of floating tennis ball. 10/10 it'll be ok pupper https://t.co/QyH1CaY3SM,10,10,Raymond,pupper,https://pbs.twimg.com/media/CVl8_EPWoAAcuSC.jpg,1,German_short-haired_pointer,0.935771,434,1177
141,673656262056419329,2015-12-07 00:12:23,This is Albert AKA King Banana Peel. He's a kind ruler of the kitchen. Very jubilant pupper. 10/10 overall great dog https://t.co/PN8hxgZ9We,10,10,Albert,pupper,https://pbs.twimg.com/media/CVlOy3pW4AQ9H1K.jpg,1,bull_mastiff,0.700625,265,769
142,673342308415348736,2015-12-06 03:24:51,This is Django. He's a skilled assassin pupper. 10/10 https://t.co/w0YTuiRd1a,10,10,Django,pupper,https://pbs.twimg.com/media/CVgxQc5XIAAYL0W.jpg,1,Chihuahua,0.013559200000000002,649,1362
143,672988786805112832,2015-12-05 04:00:04,This is Schnozz. He's had a blurred tail since birth. Hasn't let that stop him. 10/10 inspirational pupper https://t.co/a3zYMcvbXG,10,10,Schnozz,pupper,https://pbs.twimg.com/media/CVbvjKqW4AA_CuD.jpg,1,Lakeland_terrier,0.8366319999999999,314,1039
144,672975131468300288,2015-12-05 03:05:49,This is Chuckles. He is one skeptical pupper. 10/10 stay woke Chuckles https://t.co/ZlcF0TIRW1,10,10,Chuckles,pupper,https://pbs.twimg.com/media/CVbjRSIWsAElw2s.jpg,1,pug,0.8364209999999999,1015,1813
145,672481316919734272,2015-12-03 18:23:34,Say hello to Jazz. She should be on the cover of Vogue. 12/10 gorgeous pupper https://t.co/mVCMemhXAP,12,10,Jazz,pupper,https://pbs.twimg.com/media/CVUiMUeW4AEQgkU.jpg,1,Border_collie,0.599454,137,757
146,672254177670729728,2015-12-03 03:21:00,This is Rolf. He's having the time of his life. 11/10 good pupper https://t.co/OO6MqEbqG3,11,10,Rolf,pupper,https://pbs.twimg.com/media/CVRTmz1WcAA4uMF.jpg,1,pug,0.979487,800,1515
